dev,alg,n,q,lr,t,q/s,ns/q
NVIDIA TITAN RTX,[GPU] RTX,5,16777216,1048576,-1,0.073917,70929621.578892,14.098482
